Model,Train+Val R²,Test R²,Test RMSE,Test MAE
Random Forest (FP) - Baseline,0.8751991238687631,0.5704772166954415,0.812663031063135,0.6299964532804141
Random Forest (FP) - Optimized,0.9324683323706403,0.647557114294712,0.7361423026310615,0.5609314665220333
SVR - Baseline,0.9162112833309347,0.6619270274416551,0.720979019929724,0.55016764768598
SVR - Optimized,0.9899157854595609,0.6910094408150292,0.689270999382315,0.525361024826538
XGB - Baseline,0.9969317574176451,0.6551249227332815,0.7281960292647243,0.5585726777765594
XGB - Optimized,0.9797839154226895,0.6272561204153633,0.7570466842158438,0.5827831784514753
LightGBM - Baseline,0.9576656907515998,0.65285708616786,0.7305863492737825,0.5672341707319052
LightGBM - Optimized,0.9794070865867229,0.6627107831485641,0.720142810961182,0.5679545498826848
