Model,Train+Val R²,Test R²,Test RMSE,Test MAE
Random Forest (FP) - Baseline,0.8846870417599828,0.5598683849305359,0.8422094140040618,0.6135676787451426
Random Forest (FP) - Optimized,0.9592062170535668,0.5492901524995211,0.8522702567328931,0.622075054320297
SVR - Baseline,0.8876689817424228,0.542026178702854,0.8591107148422803,0.6077015736076488
SVR - Optimized,0.8660328380611872,0.5745119710506135,0.828080354882802,0.6054874392761069
XGB - Baseline,0.9958186767081554,0.6307198144305142,0.7714482736328665,0.5809985731604231
XGB - Optimized,0.9626542672001726,0.6717692718502138,0.7273081043420677,0.547875739915046
